"Compound"	"Slope"	"Y.Intercept"	"Peak.start"	"Peak.end"	"my.detector"
"Butyrate"	0.0324194282232181	-0.604392351335799	24.5	26.5	"RID-10A"
"Butanol"	0.0226525404679267	0.680412991361551	43.8	46	"RID-10A"
"Acetone"	0.0750936101493597	0.615761055192928	25.5	27	"RID-10A"
