"Compound"	"Slope"	"Y.Intercept"	"Peak.start"	"Peak.end"	"my.detector"
"Acetate"	0.0376639352954517	0.165352201519148	17.7	18.9	"RID-10A"
"Acetate"	0.0346390246096333	-0.179512274077172	17.7	18.6	"SPD-20A 210nm"
"Ethanol"	0.0571522200392839	-0.6412493022087	26.3	27.7	"RID-10A"
"Lactate"	0.0171512969815337	0.0401118645171214	15.1	16.1	"RID-10A"
"Lactate"	0.0172968500313271	-0.136462601791456	14.9	15.8	"SPD-20A 210nm"
"Formate"	0.0682042029952607	0.32404404141516	16.4	17.4	"RID-10A"
"Formate"	0.0280612089978978	-0.154810517251311	16.2	17.3	"SPD-20A 210nm"
"Glucose"	0.382837950834849	4.17734572002519	10.7	11.7	"RID-10A"
