"Compound"	"Slope"	"Y.Intercept"	"Peak.start"	"Peak.end"	"Detector"
"Butyrate"	0.0324181475711011	-0.602096441842257	24.5	26.5	"SPD-20A 210nm"
"Butanol"	0.0226619465254187	0.692023807134965	43.8	46	"RID-10A"
"Acetone"	0.075073796016233	0.626683788771975	25.5	27	"SPD-20A 260nm"
