"Compound"	"Slope"	"Y.Intercept"	"Peak.start"	"Peak.end"	"Detector"
"Acetate"	0.0376593651639337	0.169927155743391	17.7	18.9	"RID-10A"
"Acetate"	0.0346390246096333	-0.179512274077172	17.7	18.6	"SPD-20A 210nm"
"Ethanol"	0.0571503926507467	-0.633007998292336	26.3	27.7	"RID-10A"
"Lactate"	0.0171504881373436	0.0418741348039984	15.1	16.1	"RID-10A"
"Lactate"	0.0172968500313271	-0.136462601791456	14.9	15.8	"SPD-20A 210nm"
"Formate"	0.0681916410973109	0.330934314209397	16.4	17.4	"RID-10A"
"Formate"	0.0280612089978978	-0.154810517251311	16.2	17.3	"SPD-20A 210nm"
"Glucose"	0.382726720568198	4.19823833717174	10.7	11.7	"RID-10A"
