"Compound"	"myslope"	"yint"	"peak.start"	"peak.end"
"Acetate"	0.0373619341580955	0.979849668417222	17.7	18.7
"Ethanol"	0.0572155312536513	5.80206635750577	25.75	27.25
"Lactate"	0.0209147150192036	1.96400997465329	14.8	15.8
"Glucose"	0.00589742846170907	1.12588529363203	10.65	11.3
"Cellobiose"	0.00653401917459427	1.12675014363522	8.5	9.5
