"Compound"	"Slope"	"Y.Intercept"	"Peak.start"	"Peak.end"	"my.detector"
"Acetate"	0.0392451188795592	-0.173940823764588	17.7	18.9	"RID-10A"
"Acetate"	0.0368057421478793	-0.359361709591645	17.7	18.6	"SPD-20A 210nm"
"Ethanol"	0.059870200306593	3.08684570644005	26.3	27.7	"RID-10A"
"Lactate"	0.0175647400691484	-0.0429189598713568	15.1	16.1	"RID-10A"
"Lactate"	0.0175588885806537	0.0969050200566565	14.9	15.8	"SPD-20A 210nm"
"Formate"	0.0718768913834323	-0.0081167057364046	16.4	17.4	"RID-10A"
"Formate"	0.0281974715799849	0.178895823499662	16.2	17.3	"SPD-20A 210nm"
"Glucose"	0.523177783190551	0.0858142456745556	10.7	11.7	"RID-10A"
