"Compound"	"Slope"	"Y.Intercept"	"Peak.start"	"Peak.end"	"Detector"
"Acetate"	0.0394838177745333	-0.202949783252678	17.9	19	"RID-10A"
"Acetate"	0.0353942459471395	0.173171409077495	17.7	18.8	"SPD-20A 210nm"
"Ethanol"	0.0586283273174732	-1.05234306508043	26.1	27.7	"RID-10A"
"Lactate"	0.0223705377006816	-0.0460592311524068	15.1	16.1	"RID-10A"
"Lactate"	0.0221207375893828	0.523882659501148	14.9	15.9	"SPD-20A 210nm"
"Formate"	0.0676103743634271	-0.188413437333382	16.5	17.5	"RID-10A"
"Formate"	0.026923913288456	0.522257352216743	16.2	17.3	"SPD-20A 210nm"
"Glucose"	0.00570563819583471	-0.102656392322457	10.7	11.7	"RID-10A"
