"Compound"	"Slope"	"Y.Intercept"	"Peak.start"	"Peak.end"	"my.detector"
"Acetate"	0.0388605656492698	-0.134756055168957	17.7	18.9	"RID-10A"
"Acetate"	0.0351147210650559	-0.134886024901602	17.5	18.6	"SPD-20A 210nm"
"Ethanol"	0.0591893589511123	-0.67601010964061	26.3	27.8	"RID-10A"
"Lactate"	0.0178082103447865	-0.103474615519968	15	16	"RID-10A"
"Lactate"	0.0179664272685058	-0.142749463792904	14.8	15.7	"SPD-20A 210nm"
"Formate"	0.0718779347408083	-0.159047685390486	16.3	17.4	"RID-10A"
"Formate"	0.0289899326746145	-0.150879969711288	16.1	17.1	"SPD-20A 210nm"
"Glucose"	0.523837508947511	-0.14552943272419	10.7	11.7	"RID-10A"
