"Triplet","Amino acid","Fraction"
"AAA","K",0.617452131733469
"CAA","Q",0.587976287112882
"GAA","E",0.675575883920885
"TAA","X",0.638390568939006
"ACA","T",0.381527854822094
"CCA","P",0.492873529555328
"GCA","A",0.46693759140713
"TCA","S",0.191020929105756
"AGA","R",0.390470739733868
"CGA","R",0.132493919015596
"GGA","G",0.384307445956765
"TGA","X",0.118913377754997
"ATA","I",0.267876708637939
"CTA","L",0.128884377353548
"GTA","V",0.404524209284385
"TTA","L",0.415075804708733
"AAC","N",0.240977394862338
"CAC","H",0.200183696900115
"GAC","D",0.200399071663082
"TAC","Y",0.212290599774325
"ACC","T",0.18627994822622
"CCC","P",0.0431249084785474
"GCC","A",0.0898966649883718
"TCC","S",0.139342228104799
"AGC","S",0.118708564270436
"CGC","R",0.0709277844776486
"GGC","G",0.114143488704007
"TGC","C",0.30126741265129
"ATC","I",0.222639340434322
"CTC","L",0.0415697959985592
"GTC","V",0.0795820665244815
"TTC","F",0.224573294935731
"AAG","K",0.382547868266531
"CAG","Q",0.412023712887118
"GAG","E",0.324424116079115
"TAG","X",0.242696053305997
"ACG","T",0.14731753704731
"CCG","P",0.151998828525406
"GCG","A",0.130990913232156
"TCG","S",0.0672425814533379
"AGG","R",0.098563048055107
"CGG","R",0.0375488011773603
"GGG","G",0.109467283972105
"TGG","W",1
"ATG","M",1
"CTG","L",0.060316316840761
"GTG","V",0.146004447066298
"TTG","L",0.120632633681522
"AAT","N",0.759022605137662
"CAT","H",0.799816303099885
"GAT","D",0.799600928336918
"TAT","Y",0.787709400225675
"ACT","T",0.284874659904377
"CCT","P",0.312002733440718
"GCT","A",0.312174830372342
"TCT","S",0.235372670440445
"AGT","S",0.248313026625226
"CGT","R",0.269995707540421
"GGT","G",0.392081781367123
"TGT","C",0.69873258734871
"ATT","I",0.509483950927739
"CTT","L",0.233521071416877
"GTT","V",0.369889277124835
"TTT","F",0.775426705064269
