Substrate_mM	Rate
100	0.000924062214089664
50	0.000818897993032097
20	0.000817166372721928
2	0.000704740413831129
0.5	0.00049433410719052
0	0
